{
   "Environment" : {
      "Color" : [ 0.094117648899555206, 0.18039216101169586, 0.16470588743686676, 0.0 ],
      "Direction" : [ 1.0, 0.15200001001358032, 0.44600000977516174 ],
      "Intensity" : 0.98500007390975952,
      "Overcast" : 0.012000000104308128,
      "Sky" : {
         "SkyHeight" : 0.45300000905990601
      }
   }
}
